Protocollo;Gruppo;DataOraIncidente;Localizzazione1;STRADA1;Localizzazione2;STRADA2;Strada02;Chilometrica;DaSpecificare;NaturaIncidente;particolaritastrade;TipoStrada;FondoStradale;Pavimentazione;Segnaletica;CondizioneAtmosferica;Traffico;Visibilita;Illuminazione;NUM_FERITI;NUM_RISERVATA;NUM_MORTI;NUM_ILLESI;Longitudine;Latitudine;Confermato;Progressivo;TipoVeicolo;StatoVeicolo;TipoPersona;Sesso;Tipolesione;Deceduto;DecedutoDopo;CinturaCascoUtilizzato;Airbag
1679297;20;19/04/2006 18:00;Strada Urbana;LUNGOTEVERE MARESCIALLO DIAZ;da specificare;;;;corsia inversione, con semaforo funzionante;Tamponamento;Rettilineo;Due carreggiate;Asciutto;Asfaltata;Verticale ed orizzontale;Sereno;Normale;Sufficiente;Ore Diurne;0;0;0;2;;;-1;1;Motociclo a solo;In marcia / fermata / arresto;Conducente;M;Illeso;0;;Non accertato;Inesistente
1679297;20;19/04/2006 18:00;Strada Urbana;LUNGOTEVERE MARESCIALLO DIAZ;da specificare;;;;corsia inversione, con semaforo funzionante;Tamponamento;Rettilineo;Due carreggiate;Asciutto;Asfaltata;Verticale ed orizzontale;Sereno;Normale;Sufficiente;Ore Diurne;0;0;0;2;;;-1;2;Motociclo a solo;In marcia / fermata / arresto;Conducente;M;Illeso;0;;Non accertato;Inesistente
1679298;20;19/04/2006 18:20;Statale entro l'abitato;VIA CASSIA;in prossimità;;del civico n. ;950;;Scontro laterale fra veicoli in marcia;Rettilineo;Una carreggiata a doppio senso;Asciutto;Asfaltata;Verticale ed orizzontale;Sereno;Intenso;Buona;Ore Diurne;0;0;0;2;;;-1;1;Autovettura privata;In marcia / fermata / arresto;Conducente;F;Illeso;0;;Utilizzato;Inesploso
1679298;20;19/04/2006 18:20;Statale entro l'abitato;VIA CASSIA;in prossimità;;del civico n. ;950;;Scontro laterale fra veicoli in marcia;Rettilineo;Una carreggiata a doppio senso;Asciutto;Asfaltata;Verticale ed orizzontale;Sereno;Intenso;Buona;Ore Diurne;0;0;0;2;;;-1;2;Autovettura privata;In marcia / fermata / arresto;Conducente;F;Illeso;0;;Utilizzato;Inesistente
1679299;20;20/04/2006 01:20;Strada Urbana;PIAZZALE MARESCIALLO DIAZ;all'intersezione semaforizzata con;LUNGOTEVERE MARESCIALLO DIAZ;LUNGOTEVERE MARESCIALLO DIAZ;;;Scontro frontale/laterale SX fra veicoli in marcia;Intersezione semaforizzata;Due carreggiate;Asciutto;Asfaltata;Verticale ed orizzontale;Sereno;Scarso;Buona;Sufficiente;0;0;0;5;;;-1;1;Autovettura privata;In marcia / fermata / arresto;Conducente;M;Illeso;0;;Utilizzato;Inesploso
1679299;20;20/04/2006 01:20;Strada Urbana;PIAZZALE MARESCIALLO DIAZ;all'intersezione semaforizzata con;LUNGOTEVERE MARESCIALLO DIAZ;LUNGOTEVERE MARESCIALLO DIAZ;;;Scontro frontale/laterale SX fra veicoli in marcia;Intersezione semaforizzata;Due carreggiate;Asciutto;Asfaltata;Verticale ed orizzontale;Sereno;Scarso;Buona;Sufficiente;0;0;0;5;;;-1;1;Autovettura privata;In marcia / fermata / arresto;Passeggero;M;Illeso;0;;Non accertato;Inesistente
1679299;20;20/04/2006 01:20;Strada Urbana;PIAZZALE MARESCIALLO DIAZ;all'intersezione semaforizzata con;LUNGOTEVERE MARESCIALLO DIAZ;LUNGOTEVERE MARESCIALLO DIAZ;;;Scontro frontale/laterale SX fra veicoli in marcia;Intersezione semaforizzata;Due carreggiate;Asciutto;Asfaltata;Verticale ed orizzontale;Sereno;Scarso;Buona;Sufficiente;0;0;0;5;;;-1;1;Autovettura privata;In marcia / fermata / arresto;Passeggero;M;Illeso;0;;Non accertato;Inesistente
1679299;20;20/04/2006 01:20;Strada Urbana;PIAZZALE MARESCIALLO DIAZ;all'intersezione semaforizzata con;LUNGOTEVERE MARESCIALLO DIAZ;LUNGOTEVERE MARESCIALLO DIAZ;;;Scontro frontale/laterale SX fra veicoli in marcia;Intersezione semaforizzata;Due carreggiate;Asciutto;Asfaltata;Verticale ed orizzontale;Sereno;Scarso;Buona;Sufficiente;0;0;0;5;;;-1;2;Autovettura privata;In marcia / fermata / arresto;Conducente;F;Illeso;0;;Utilizzato;Inesploso
1679299;20;20/04/2006 01:20;Strada Urbana;PIAZZALE MARESCIALLO DIAZ;all'intersezione semaforizzata con;LUNGOTEVERE MARESCIALLO DIAZ;LUNGOTEVERE MARESCIALLO DIAZ;;;Scontro frontale/laterale SX fra veicoli in marcia;Intersezione semaforizzata;Due carreggiate;Asciutto;Asfaltata;Verticale ed orizzontale;Sereno;Scarso;Buona;Sufficiente;0;0;0;5;;;-1;2;Autovettura privata;In marcia / fermata / arresto;Passeggero;M;Illeso;0;;Non accertato;Inesploso
1679300;20;20/04/2006 02:30;Strada Urbana;VIA DEGLI ORTI DELLA FARNESINA;all'intersezione con;VIA ANTONINO DI GIORGIO;VIA ANTONINO DI GIORGIO;;;Scontro frontale fra veicoli in marcia;Intersezione stradale segnalata;Una carreggiata a doppio senso;Asciutto;Asfaltata;Verticale ed orizzontale;Sereno;Scarso;Buona;Ore Diurne;0;0;0;3;;;-1;1;Autovettura privata;In marcia / fermata / arresto;Conducente;M;Illeso;0;;Utilizzato;Inesploso
1679300;20;20/04/2006 02:30;Strada Urbana;VIA DEGLI ORTI DELLA FARNESINA;all'intersezione con;VIA ANTONINO DI GIORGIO;VIA ANTONINO DI GIORGIO;;;Scontro frontale fra veicoli in marcia;Intersezione stradale segnalata;Una carreggiata a doppio senso;Asciutto;Asfaltata;Verticale ed orizzontale;Sereno;Scarso;Buona;Ore Diurne;0;0;0;3;;;-1;1;Autovettura privata;In marcia / fermata / arresto;Passeggero;M;Illeso;0;;Utilizzato;Inesploso
1679300;20;20/04/2006 02:30;Strada Urbana;VIA DEGLI ORTI DELLA FARNESINA;all'intersezione con;VIA ANTONINO DI GIORGIO;VIA ANTONINO DI GIORGIO;;;Scontro frontale fra veicoli in marcia;Intersezione stradale segnalata;Una carreggiata a doppio senso;Asciutto;Asfaltata;Verticale ed orizzontale;Sereno;Scarso;Buona;Ore Diurne;0;0;0;3;;;-1;2;Autovettura privata;In marcia / fermata / arresto;Conducente;F;Illeso;0;;Utilizzato;Inesploso
1679301;11;18/04/2006 07:10;Strada Urbana;VIA DI VIGNA MURATA;all'intersezione con;VIA ANDREA DI BONAIUTO;VIA ANDREA DI BONAIUTO;;;Tamponamento;Intersezione stradale segnalata;Due carreggiate;Bagnato (pioggia);Asfaltata;Verticale ed orizzontale;Nuvoloso;Scarso;Buona;Ore Diurne;0;0;0;2;;;-1;1;Autocarro inferiore 35 q.;In marcia / fermata / arresto;Conducente;M;Illeso;0;;Utilizzato;Inesploso
1679301;11;18/04/2006 07:10;Strada Urbana;VIA DI VIGNA MURATA;all'intersezione con;VIA ANDREA DI BONAIUTO;VIA ANDREA DI BONAIUTO;;;Tamponamento;Intersezione stradale segnalata;Due carreggiate;Bagnato (pioggia);Asfaltata;Verticale ed orizzontale;Nuvoloso;Scarso;Buona;Ore Diurne;0;0;0;2;;;-1;2;Autovettura privata;In marcia / fermata / arresto;Conducente;M;Illeso;0;;Utilizzato;Inesistente
1679302;11;18/04/2006 09:45;Strada Urbana;VIALE GUGLIELMO MARCONI;all'intersezione semaforizzata con;VIA DELLA VASCA NAVALE;VIA DELLA VASCA NAVALE;;;Veicolo in marcia contro veicolo arresto;Intersezione semaforizzata;Una carreggiata a doppio senso;Asciutto;Asfaltata;Verticale ed orizzontale;Nuvoloso;Normale;Buona;Ore Diurne;0;0;0;3;;;-1;1;Autovettura privata;In marcia / fermata / arresto;Conducente;M;Illeso;0;;Utilizzato;Inesploso
1679302;11;18/04/2006 09:45;Strada Urbana;VIALE GUGLIELMO MARCONI;all'intersezione semaforizzata con;VIA DELLA VASCA NAVALE;VIA DELLA VASCA NAVALE;;;Veicolo in marcia contro veicolo arresto;Intersezione semaforizzata;Una carreggiata a doppio senso;Asciutto;Asfaltata;Verticale ed orizzontale;Nuvoloso;Normale;Buona;Ore Diurne;0;0;0;3;;;-1;2;Autovettura privata;In marcia / fermata / arresto;Conducente;F;Illeso;0;;Utilizzato;Inesistente
1679302;11;18/04/2006 09:45;Strada Urbana;VIALE GUGLIELMO MARCONI;all'intersezione semaforizzata con;VIA DELLA VASCA NAVALE;VIA DELLA VASCA NAVALE;;;Veicolo in marcia contro veicolo arresto;Intersezione semaforizzata;Una carreggiata a doppio senso;Asciutto;Asfaltata;Verticale ed orizzontale;Nuvoloso;Normale;Buona;Ore Diurne;0;0;0;3;;;-1;2;Autovettura privata;In marcia / fermata / arresto;Passeggero;F;Illeso;0;;Utilizzato;Inesistente
1679303;11;18/04/2006 10:30;Strada Urbana;VIA DI COMMODILLA;in corrispondenza;;del civico n. ;47;;Investimento di pedone;Rettilineo;Una carreggiata a senso unico di marcia;Asciutto;Asfaltata;Assente;Nuvoloso;Scarso;Buona;Ore Diurne;0;1;0;1;;;-1;;;;Pedone;F;Prognosi riservata;0;NON DECEDUTO;;
1679303;11;18/04/2006 10:30;Strada Urbana;VIA DI COMMODILLA;in corrispondenza;;del civico n. ;47;;Investimento di pedone;Rettilineo;Una carreggiata a senso unico di marcia;Asciutto;Asfaltata;Assente;Nuvoloso;Scarso;Buona;Ore Diurne;0;1;0;1;;;-1;1;Autovettura privata;In marcia / fermata / arresto;Conducente;M;Illeso;0;;Utilizzato;Inesistente
1679304;11;18/04/2006 18:30;Strada Urbana;VIA DELL'ARCADIA;all'intersezione con;VIA DEI LINCEI;VIA DEI LINCEI;;;Scontro frontale/laterale SX fra veicoli in marcia;Incrocio;Una carreggiata a senso unico di marcia;Bagnato (pioggia);Asfaltata;Verticale ed orizzontale;Pioggia in atto;Normale;Sufficiente;Ore Diurne;0;0;0;2;;;-1;1;Autovettura privata;In marcia / fermata / arresto;Conducente;M;Illeso;0;;Utilizzato;Inesistente
1679304;11;18/04/2006 18:30;Strada Urbana;VIA DELL'ARCADIA;all'intersezione con;VIA DEI LINCEI;VIA DEI LINCEI;;;Scontro frontale/laterale SX fra veicoli in marcia;Incrocio;Una carreggiata a senso unico di marcia;Bagnato (pioggia);Asfaltata;Verticale ed orizzontale;Pioggia in atto;Normale;Sufficiente;Ore Diurne;0;0;0;2;;;-1;2;Autovettura privata;In marcia / fermata / arresto;Conducente;M;Illeso;0;;Utilizzato;Inesistente
1679305;11;19/04/2006 09:00;Strada Urbana;VIA DEL SERAFICO;in corrispondenza;;del civico n. ;157;;Veicolo in marcia contro veicolo in sosta;Rettilineo;Due carreggiate;Asciutto;Asfaltata;Verticale ed orizzontale;Sereno;Normale;Buona;Ore Diurne;1;0;0;1;;;-1;1;Motociclo a solo;In marcia / fermata / arresto;Conducente;M;Rimandato;0;NON DECEDUTO;Utilizzato;Inesistente
1679305;11;19/04/2006 09:00;Strada Urbana;VIA DEL SERAFICO;in corrispondenza;;del civico n. ;157;;Veicolo in marcia contro veicolo in sosta;Rettilineo;Due carreggiate;Asciutto;Asfaltata;Verticale ed orizzontale;Sereno;Normale;Buona;Ore Diurne;1;0;0;1;;;-1;3;Autovettura privata;In marcia / fermata / arresto;Conducente;M;Illeso;0;;Utilizzato;Inesistente
1679306;11;19/04/2006 17:00;Strada Urbana;VIA CRISTOFORO COLOMBO;in prossimità;;del palo luce n. ;295;;Tamponamento Multiplo;Rettilineo;Più di due carreggiate;Asciutto;Asfaltata;Verticale ed orizzontale;Sereno;Intenso;Buona;Ore Diurne;1;0;0;2;;;-1;1;Autovettura privata;In marcia / fermata / arresto;Conducente;M;Illeso;0;;Utilizzato;Inesploso
1679306;11;19/04/2006 17:00;Strada Urbana;VIA CRISTOFORO COLOMBO;in prossimità;;del palo luce n. ;295;;Tamponamento Multiplo;Rettilineo;Più di due carreggiate;Asciutto;Asfaltata;Verticale ed orizzontale;Sereno;Intenso;Buona;Ore Diurne;1;0;0;2;;;-1;2;Autovettura di polizia;In marcia / fermata / arresto;Conducente;M;Illeso;0;;Non accertato;Inesistente
1679306;11;19/04/2006 17:00;Strada Urbana;VIA CRISTOFORO COLOMBO;in prossimità;;del palo luce n. ;295;;Tamponamento Multiplo;Rettilineo;Più di due carreggiate;Asciutto;Asfaltata;Verticale ed orizzontale;Sereno;Intenso;Buona;Ore Diurne;1;0;0;2;;;-1;3;Autocarro inferiore 35 q.;In marcia / fermata / arresto;Conducente;M;Ricoverato;0;NON DECEDUTO;Non accertato;Inesistente
1679307;11;19/04/2006 18:00;Strada Urbana;VIALE GUGLIELMO MARCONI;all'intersezione semaforizzata con;LUNGOTEVERE DI S. PAOLO;LUNGOTEVERE DI S. PAOLO;;;Scontro laterale fra veicoli in marcia;Intersezione semaforizzata;Due carreggiate;Asciutto;Asfaltata;Verticale ed orizzontale;Sereno;Intenso;Buona;Ore Diurne;1;0;0;1;;;-1;1;Autovettura privata;In marcia / fermata / arresto;Conducente;M;Illeso;0;;Utilizzato;Inesistente
1679307;11;19/04/2006 18:00;Strada Urbana;VIALE GUGLIELMO MARCONI;all'intersezione semaforizzata con;LUNGOTEVERE DI S. PAOLO;LUNGOTEVERE DI S. PAOLO;;;Scontro laterale fra veicoli in marcia;Intersezione semaforizzata;Due carreggiate;Asciutto;Asfaltata;Verticale ed orizzontale;Sereno;Intenso;Buona;Ore Diurne;1;0;0;1;;;-1;2;Motociclo a solo;In marcia / fermata / arresto;Conducente;M;Rimandato;0;NON DECEDUTO;Utilizzato;Inesistente
1679308;12;14/04/2006 21:20;Strada Urbana;VIA CRISTOFORO COLOMBO;all'intersezione semaforizzata con;VIALE DELLA CIVILTA' DEL LAVORO;VIALE DELLA CIVILTA' DEL LAVORO;;;Scontro frontale fra veicoli in marcia;Intersezione semaforizzata;Più di due carreggiate;Asciutto;Asfaltata;Verticale ed orizzontale;Sereno;Scarso;Buona;Sufficiente;3;0;0;0;;;-1;1;Autovettura privata;In marcia / fermata / arresto;Conducente;M;Ricoverato;0;NON DECEDUTO;Utilizzato;Inesistente
1679308;12;14/04/2006 21:20;Strada Urbana;VIA CRISTOFORO COLOMBO;all'intersezione semaforizzata con;VIALE DELLA CIVILTA' DEL LAVORO;VIALE DELLA CIVILTA' DEL LAVORO;;;Scontro frontale fra veicoli in marcia;Intersezione semaforizzata;Più di due carreggiate;Asciutto;Asfaltata;Verticale ed orizzontale;Sereno;Scarso;Buona;Sufficiente;3;0;0;0;;;-1;1;Autovettura privata;In marcia / fermata / arresto;Passeggero;M;Rimandato;0;NON DECEDUTO;Utilizzato;Inesistente
1679308;12;14/04/2006 21:20;Strada Urbana;VIA CRISTOFORO COLOMBO;all'intersezione semaforizzata con;VIALE DELLA CIVILTA' DEL LAVORO;VIALE DELLA CIVILTA' DEL LAVORO;;;Scontro frontale fra veicoli in marcia;Intersezione semaforizzata;Più di due carreggiate;Asciutto;Asfaltata;Verticale ed orizzontale;Sereno;Scarso;Buona;Sufficiente;3;0;0;0;;;-1;2;Autovettura privata;In marcia / fermata / arresto;Conducente;F;Ricoverato;0;NON DECEDUTO;Utilizzato;Esploso
1679309;12;15/04/2006 03:30;;VIA DELLA MAGLIANA;da specificare;;;;altezza via gaetano arturo ciocco;Fuoriuscita dalla sede stradale;;;;;;;;;;0;0;0;1;;;0;1;Autovettura privata;In marcia / fermata / arresto;Conducente;M;Illeso;0;;Utilizzato;Inesistente
1679310;12;15/04/2006 12:15;Strada Urbana;VIA DELLA SELVOTTA;all'intersezione con;VIA BISACCIA;VIA BISACCIA;;;Scontro laterale fra veicoli in marcia;Intersezione stradale segnalata;Una carreggiata a doppio senso;Asciutto;Asfaltata;Verticale;Sereno;Scarso;Buona;Ore Diurne;0;0;0;4;;;-1;1;Autovettura privata;In marcia / fermata / arresto;Conducente;M;Illeso;0;;Utilizzato;Inesistente
1679310;12;15/04/2006 12:15;Strada Urbana;VIA DELLA SELVOTTA;all'intersezione con;VIA BISACCIA;VIA BISACCIA;;;Scontro laterale fra veicoli in marcia;Intersezione stradale segnalata;Una carreggiata a doppio senso;Asciutto;Asfaltata;Verticale;Sereno;Scarso;Buona;Ore Diurne;0;0;0;4;;;-1;1;Autovettura privata;In marcia / fermata / arresto;Passeggero;M;Illeso;0;;Utilizzato;Inesistente
1679310;12;15/04/2006 12:15;Strada Urbana;VIA DELLA SELVOTTA;all'intersezione con;VIA BISACCIA;VIA BISACCIA;;;Scontro laterale fra veicoli in marcia;Intersezione stradale segnalata;Una carreggiata a doppio senso;Asciutto;Asfaltata;Verticale;Sereno;Scarso;Buona;Ore Diurne;0;0;0;4;;;-1;1;Autovettura privata;In marcia / fermata / arresto;Passeggero;M;Illeso;0;;Utilizzato;Inesistente
1679310;12;15/04/2006 12:15;Strada Urbana;VIA DELLA SELVOTTA;all'intersezione con;VIA BISACCIA;VIA BISACCIA;;;Scontro laterale fra veicoli in marcia;Intersezione stradale segnalata;Una carreggiata a doppio senso;Asciutto;Asfaltata;Verticale;Sereno;Scarso;Buona;Ore Diurne;0;0;0;4;;;-1;2;Autovettura privata;In marcia / fermata / arresto;Conducente;M;Illeso;0;;Utilizzato;Inesistente
1679311;12;16/04/2006 10:30;Strada Urbana;VIA BISACCIA;all'intersezione con;VIA MOSCHIANO;VIA MOSCHIANO;;;Scontro laterale fra veicoli in marcia;Incrocio;Una carreggiata a doppio senso;Asciutto;Asfaltata;Verticale;Sereno;Scarso;Buona;Ore Diurne;1;0;0;3;;;-1;1;Autovettura privata;In marcia / fermata / arresto;Conducente;F;Rimandato;0;NON DECEDUTO;Utilizzato;Inesistente
1679311;12;16/04/2006 10:30;Strada Urbana;VIA BISACCIA;all'intersezione con;VIA MOSCHIANO;VIA MOSCHIANO;;;Scontro laterale fra veicoli in marcia;Incrocio;Una carreggiata a doppio senso;Asciutto;Asfaltata;Verticale;Sereno;Scarso;Buona;Ore Diurne;1;0;0;3;;;-1;2;Autovettura privata;In marcia / fermata / arresto;Conducente;M;Illeso;0;;Utilizzato;Inesistente
1679311;12;16/04/2006 10:30;Strada Urbana;VIA BISACCIA;all'intersezione con;VIA MOSCHIANO;VIA MOSCHIANO;;;Scontro laterale fra veicoli in marcia;Incrocio;Una carreggiata a doppio senso;Asciutto;Asfaltata;Verticale;Sereno;Scarso;Buona;Ore Diurne;1;0;0;3;;;-1;2;Autovettura privata;In marcia / fermata / arresto;Passeggero;M;Illeso;0;;Utilizzato;Inesistente
1679311;12;16/04/2006 10:30;Strada Urbana;VIA BISACCIA;all'intersezione con;VIA MOSCHIANO;VIA MOSCHIANO;;;Scontro laterale fra veicoli in marcia;Incrocio;Una carreggiata a doppio senso;Asciutto;Asfaltata;Verticale;Sereno;Scarso;Buona;Ore Diurne;1;0;0;3;;;-1;2;Autovettura privata;In marcia / fermata / arresto;Passeggero;M;Illeso;0;;Utilizzato;Inesistente
1679312;12;16/04/2006 22:00;Strada Urbana;VIALE DELLA CIVILTA' DEL LAVORO;all'intersezione con;VIA CRISTOFORO COLOMBO;VIA CRISTOFORO COLOMBO;;;Scontro frontale fra veicoli in marcia;Incrocio;Più di due carreggiate;Asciutto;Asfaltata;Verticale ed orizzontale;Sereno;Scarso;Sufficiente;Sufficiente;1;0;0;1;;;-1;1;Motociclo a solo;In marcia / fermata / arresto;Conducente;M;Rimandato;0;NON DECEDUTO;Utilizzato;Inesistente
1679312;12;16/04/2006 22:00;Strada Urbana;VIALE DELLA CIVILTA' DEL LAVORO;all'intersezione con;VIA CRISTOFORO COLOMBO;VIA CRISTOFORO COLOMBO;;;Scontro frontale fra veicoli in marcia;Incrocio;Più di due carreggiate;Asciutto;Asfaltata;Verticale ed orizzontale;Sereno;Scarso;Sufficiente;Sufficiente;1;0;0;1;;;-1;2;Autovettura privata;In marcia / fermata / arresto;Conducente;M;Illeso;0;;Utilizzato;Inesistente
1679313;12;17/04/2006 09:30;Strada Urbana;VIA PADRE GIOVANNI ANTONIO FILIPPINI;da specificare;;;;civ 122;Veicolo in marcia contro veicolo in sosta;Rettilineo;Una carreggiata a senso unico di marcia;Asciutto;Asfaltata;Verticale;Sereno;Scarso;Buona;Ore Diurne;1;0;0;2;;;-1;1;Autovettura privata;In marcia / fermata / arresto;Conducente;M;Rimandato;0;NON DECEDUTO;Utilizzato;Inesistente
1679313;12;17/04/2006 09:30;Strada Urbana;VIA PADRE GIOVANNI ANTONIO FILIPPINI;da specificare;;;;civ 122;Veicolo in marcia contro veicolo in sosta;Rettilineo;Una carreggiata a senso unico di marcia;Asciutto;Asfaltata;Verticale;Sereno;Scarso;Buona;Ore Diurne;1;0;0;2;;;-1;2;Autovettura privata;In marcia / fermata / arresto;Conducente;M;Illeso;0;;Utilizzato;Inesistente
1679313;12;17/04/2006 09:30;Strada Urbana;VIA PADRE GIOVANNI ANTONIO FILIPPINI;da specificare;;;;civ 122;Veicolo in marcia contro veicolo in sosta;Rettilineo;Una carreggiata a senso unico di marcia;Asciutto;Asfaltata;Verticale;Sereno;Scarso;Buona;Ore Diurne;1;0;0;2;;;-1;3;Autovettura privata;In marcia / fermata / arresto;Conducente;M;Illeso;0;;Utilizzato;Inesistente
1679314;12;17/04/2006 10:30;Strada Urbana;VIA DEI GRAFICI;all'intersezione con;VIA DEI REDATTORI;VIA DEI REDATTORI;;;Scontro frontale/laterale SX fra veicoli in marcia;Intersezione stradale segnalata;Una carreggiata a senso unico di marcia;Asciutto;Asfaltata;Verticale ed orizzontale;Sereno;Scarso;Buona;Ore Diurne;1;0;0;1;;;-1;1;Autovettura privata;In marcia / fermata / arresto;Conducente;M;Illeso;0;;Utilizzato;Inesploso
1679314;12;17/04/2006 10:30;Strada Urbana;VIA DEI GRAFICI;all'intersezione con;VIA DEI REDATTORI;VIA DEI REDATTORI;;;Scontro frontale/laterale SX fra veicoli in marcia;Intersezione stradale segnalata;Una carreggiata a senso unico di marcia;Asciutto;Asfaltata;Verticale ed orizzontale;Sereno;Scarso;Buona;Ore Diurne;1;0;0;1;;;-1;2;Motociclo a solo;In marcia / fermata / arresto;Conducente;M;Rimandato;0;NON DECEDUTO;Utilizzato;Inesistente
1679315;12;17/04/2006 13:30;Provinciale entro l'abitato;VIA LAURENTINA;all'intersezione con;VIA DI VALLERANO;VIA DI VALLERANO;;;Scontro laterale fra veicoli in marcia;Incrocio;Una carreggiata a doppio senso;Asciutto;Asfaltata;Verticale ed orizzontale;Sereno;Normale;Buona;Ore Diurne;5;0;0;1;;;-1;1;Autovettura privata;In marcia / fermata / arresto;Conducente;F;Rimandato;0;NON DECEDUTO;Utilizzato;Esploso
1679315;12;17/04/2006 13:30;Provinciale entro l'abitato;VIA LAURENTINA;all'intersezione con;VIA DI VALLERANO;VIA DI VALLERANO;;;Scontro laterale fra veicoli in marcia;Incrocio;Una carreggiata a doppio senso;Asciutto;Asfaltata;Verticale ed orizzontale;Sereno;Normale;Buona;Ore Diurne;5;0;0;1;;;-1;2;Autovettura privata;In marcia / fermata / arresto;Conducente;M;Illeso;0;;Utilizzato;Inesistente
1679315;12;17/04/2006 13:30;Provinciale entro l'abitato;VIA LAURENTINA;all'intersezione con;VIA DI VALLERANO;VIA DI VALLERANO;;;Scontro laterale fra veicoli in marcia;Incrocio;Una carreggiata a doppio senso;Asciutto;Asfaltata;Verticale ed orizzontale;Sereno;Normale;Buona;Ore Diurne;5;0;0;1;;;-1;2;Autovettura privata;In marcia / fermata / arresto;Passeggero;M;Rimandato;0;NON DECEDUTO;Utilizzato;Inesistente
1679315;12;17/04/2006 13:30;Provinciale entro l'abitato;VIA LAURENTINA;all'intersezione con;VIA DI VALLERANO;VIA DI VALLERANO;;;Scontro laterale fra veicoli in marcia;Incrocio;Una carreggiata a doppio senso;Asciutto;Asfaltata;Verticale ed orizzontale;Sereno;Normale;Buona;Ore Diurne;5;0;0;1;;;-1;2;Autovettura privata;In marcia / fermata / arresto;Passeggero;F;Rimandato;0;NON DECEDUTO;Utilizzato;Inesistente
1679315;12;17/04/2006 13:30;Provinciale entro l'abitato;VIA LAURENTINA;all'intersezione con;VIA DI VALLERANO;VIA DI VALLERANO;;;Scontro laterale fra veicoli in marcia;Incrocio;Una carreggiata a doppio senso;Asciutto;Asfaltata;Verticale ed orizzontale;Sereno;Normale;Buona;Ore Diurne;5;0;0;1;;;-1;2;Autovettura privata;In marcia / fermata / arresto;Passeggero;M;Rimandato;0;NON DECEDUTO;Utilizzato;Inesistente
1679315;12;17/04/2006 13:30;Provinciale entro l'abitato;VIA LAURENTINA;all'intersezione con;VIA DI VALLERANO;VIA DI VALLERANO;;;Scontro laterale fra veicoli in marcia;Incrocio;Una carreggiata a doppio senso;Asciutto;Asfaltata;Verticale ed orizzontale;Sereno;Normale;Buona;Ore Diurne;5;0;0;1;;;-1;2;Autovettura privata;In marcia / fermata / arresto;Passeggero;M;Rimandato;0;NON DECEDUTO;Utilizzato;Inesistente
1679316;12;17/04/2006 16:00;;VIALE DEI CADUTI NELLA GUERRA DI LIBERAZ;da specificare;;;;altezza civ 566;Scontro frontale fra veicoli in marcia;;;;;;;;;;0;0;0;1;;;0;1;Autovettura privata;In marcia / fermata / arresto;Conducente;M;Illeso;0;;Utilizzato;Inesistente
1679317;12;17/04/2006 20:15;Provinciale;VIA PONTINA;da specificare;;;;altezza svincolo laterale Pontina - Via Tumiati;Veicolo in marcia contro ostacolo fisso;Rettilineo;Due carreggiate;Bagnato (pioggia);Asfaltata;Orizzontale;Pioggia in atto;Normale;Sufficiente;Sufficiente;0;0;0;1;;;-1;1;Autovettura privata;In marcia / fermata / arresto;Conducente;F;Illeso;0;;Utilizzato;Inesistente
1679318;12;18/04/2006 09:50;Strada Urbana;VIALE DON PASQUINO BORGHI;da specificare;;;;civ 182;Scontro laterale fra veicoli in marcia;Rettilineo;Una carreggiata a doppio senso;Bagnato (pioggia);Asfaltata;Verticale ed orizzontale;Nuvoloso;Normale;Buona;Ore Diurne;0;0;0;2;;;-1;1;Autovettura privata;In marcia / fermata / arresto;Conducente;M;Illeso;0;;Utilizzato;Inesistente
1679318;12;18/04/2006 09:50;Strada Urbana;VIALE DON PASQUINO BORGHI;da specificare;;;;civ 182;Scontro laterale fra veicoli in marcia;Rettilineo;Una carreggiata a doppio senso;Bagnato (pioggia);Asfaltata;Verticale ed orizzontale;Nuvoloso;Normale;Buona;Ore Diurne;0;0;0;2;;;-1;2;Autovettura privata;In marcia / fermata / arresto;Conducente;M;Illeso;0;;Utilizzato;Inesistente
1679319;12;18/04/2006 12:00;Strada Urbana;VIALE DELL'ARTE;all'intersezione semaforizzata con;VIALE DELL'AERONAUTICA;VIALE DELL'AERONAUTICA;;;Scontro frontale/laterale DX fra veicoli in marcia;Intersezione semaforizzata;Una carreggiata a doppio senso;Asciutto;Asfaltata;Verticale ed orizzontale;Nuvoloso;Intenso;Buona;Ore Diurne;2;0;0;3;;;-1;1;Autovettura privata;In marcia / fermata / arresto;Conducente;M;Rimandato;0;NON DECEDUTO;Utilizzato;Inesistente
1679319;12;18/04/2006 12:00;Strada Urbana;VIALE DELL'ARTE;all'intersezione semaforizzata con;VIALE DELL'AERONAUTICA;VIALE DELL'AERONAUTICA;;;Scontro frontale/laterale DX fra veicoli in marcia;Intersezione semaforizzata;Una carreggiata a doppio senso;Asciutto;Asfaltata;Verticale ed orizzontale;Nuvoloso;Intenso;Buona;Ore Diurne;2;0;0;3;;;-1;1;Autovettura privata;In marcia / fermata / arresto;Passeggero;M;Illeso;0;;Utilizzato;Inesistente
1679319;12;18/04/2006 12:00;Strada Urbana;VIALE DELL'ARTE;all'intersezione semaforizzata con;VIALE DELL'AERONAUTICA;VIALE DELL'AERONAUTICA;;;Scontro frontale/laterale DX fra veicoli in marcia;Intersezione semaforizzata;Una carreggiata a doppio senso;Asciutto;Asfaltata;Verticale ed orizzontale;Nuvoloso;Intenso;Buona;Ore Diurne;2;0;0;3;;;-1;2;Autovettura privata;In marcia / fermata / arresto;Conducente;F;Illeso;0;;Utilizzato;Esploso